name,percentage_probability,box_points
person,85.5280876159668,"[663, 168, 924, 719]"
person,74.46015477180481,"[428, 265, 456, 357]"
traffic light,68.76561045646667,"[705, 2, 778, 70]"
handbag,65.83971381187439,"[668, 313, 858, 604]"
person,53.49631905555725,"[546, 289, 577, 344]"
potted plant,53.03342342376709,"[919, 305, 1005, 383]"
car,52.052104473114014,"[915, 283, 1020, 323]"
person,51.53489708900452,"[359, 288, 403, 330]"
