name,percentage_probability,box_points
stop sign,99.96381402015686,"[1745, 493, 2720, 1796]"
bird,71.54770493507385,"[915, 1915, 1129, 2147]"
