name,percentage_probability,box_points
traffic light,59.88693833351135,"[622, 97, 696, 176]"
person,59.57068204879761,"[1097, 312, 1135, 383]"
